WorkerId,c1,c2,c3,c4,c5,c6,c7,c8,c9,c10
A2P7IU3JLL4VW2,011101,1011001011100000,0011111000010111,0011011111000011,111101,1100100100-1111-,-1101-0001-1110-,111101,0111010010010010,110101
A2PG905Y8POB3C,011-11,10101110-010---0,1111111001111110,1---11--111-1010,1---00,1111111000101110,1111111111111111,10--00,0000-010-010--11,001-11
A2PW4RPTC8K2DD,111-11,-11-1-11-1-1----,00--100--00-0-00,0----0----0---00,1---11,10-0-10----1----,---00----1--0-1-,11--11,-111---1-1----1-,111-11
A2Q2RUVS9ST8MT,---1--,---0--------0-1-,--1-1--000-0-01-,-0-0--1-1--011--,-001--,--111--100-0-01-,-11-1-101--0-0--,--01--,----1-------1---,---1--
A2Q9ZYTR8B7EQQ,1----1,----------------,----------------,----------------,1----1,----------------,----------------,1----0,----------------,1----0
A2QORPF2QKQL6H,-11-0-,----1----0------,----------------,----------------,----0-,----------------,----------------,-1--0-,---------1----1-,-10-0-
A2QU0ASAUX4S64,000110,1001110010101110,1000101011101111,1000010001011011,111100,0111100011101010,0010000010101100,001011,1010111010001111,000100
A2QY32EZTEUMRU,010-00,-1010-10-0-0----,00--001--0000-01,0----0----0-0-01,0---00,00-1101--111--11,00-0100--0001-10,01--11,-010---1-0----0-,001-11
A2R5CRD8Z19E3X,0--1-1,0--1-1--1-0-0111,--10---01--0-1--,-0101-1000-100--,0111-1,--0-1--101--100-,-00---001--0-1--,0-01-1,0---101-0-1101-1,0--0-1
A2RI0A23GBPJSD,------,0011-110--10--10,1110101010101010,01--010-01010100,-11---,0000111010001110,0100110101000101,--0---,01000101--00---1,------
A2S4LCNVIA81G3,------,---1------------,-----------0----,------------1---,------,----1----0----1-,-1----1----1----,------,----------------,------
A2SFJC5XDHT748,------,---1------------,--------0--0-1--,------------1---,------,--0-0--0-0----0-,-1----1-0--0-0--,------,----------------,------
A2SI93H28TVPLS,------,--------0----0--,----------------,1-1--1-1--1----0,------,----------------,----------------,------,--------0----1--,------
A2SMIHP3I6PKL8,0--1-0,--------0---11--,--------0----1--,--11---1--------,1--1-0,--0----0--------,--------0----1--,0--0-0,--------0---11--,1--0-0
A2T33L23VT78DZ,------,----------------,---0----0---11--,----0----0------,------,-00---01--0-1--1,1----1--000-1101,------,------0----0----,------
A3KKFGTHJQ0KHA,---1--,--------1---101-,----------------,-111--11---1----,-111--,----------------,----------------,--01--,----0---0---11--,---0--
A20UYKIB5PQFJ1,---1--,------------1-1-,----------------,-1-1--1----1----,-111--,----------------,----------------,--00--,----0-------1---,---0--
A3AZWYP6HBVNRU,---0--,------------0---,----------------,---1------------,---1--,----------------,----------------,---1--,------------1---,---1--
A3DF3331GOTRJP,011111,0001100100010000,0000001000001010,0011000100000000,000111,0010101000100010,0001001100010001,010100,1011111100001111,101011
A3DKLZQ9T353MH,------,----------------,0----1----1----1,----------------,------,1----1----------,----------------,------,----------------,------
A3HH7T31PFH49C,------,---1------------,--11---1---01---,----1---11--11--,------,-0--1-1-101-1110,011--101-1110-01,------,------1----1----,------
A3R0V7F5LPVVAH,------,----------------,1----0----1----0,----------------,------,1----1----------,----------------,------,----------------,------
ARO24O6F0DOXC,------,----------------,0-00-0-0--1-0--1,----0---10---1--,------,01---10-1-0-11-1,0-0--1-1-00-0-01,------,------0----0----,------
ART2B51OIA2V3,-1--1-,----------------,----------------,----------------,----0-,----------------,----------------,-1--0-,----------------,-0--1-
A11G3X4YM0CH4M,------,---1------------,-----------0----,------------0---,------,----1----0----0-,-0----1----1----,------,----------------,------
A12QDESPJEK5BL,------,----------------,--------0----1--,----------------,------,--1----1--------,--------1----1--,------,----------------,------
A13IBDCL5S1T1L,111-10,----1----0------,----------------,1----1----0----0,1---10,----------------,----------------,01--00,---------1----1-,111-00
A3TNDIDXR6LO7C,------,----------------,--------0----0--,----------------,------,--1----1--------,--------0----1--,------,----------------,------
A15J1TJ75G35SR,------,0----1----0----1,----------------,----------------,------,----------------,----------------,------,0----0----0----1,------
A3UNY9FSBWUFRX,---1--,--------0---000-,--------1---10--,-100--10---0----,-111--,-11---11--1----1,0----1--010-1111,--01--,----0---0---10--,---0--
A3V8FN8YW3YHAV,-1--1-,----------------,----------------,0----0----0----0,----1-,----------------,----------------,-0--1-,----------------,-1--1-
A2MT0EBEHD9XGZ,1011-1,-000--1100-0100-,1100110101110101,1111101010001101,011100,10-111-11100--11,0110110100110000,10-000,-0110-0001--000-,000000
A1I5586LXU8ZKY,001111,1010111011101110,0010101001100110,0111011101110110,000110,0110011001101110,0111011101111111,010000,0111011101111111,111000
A11BLQKVW1951L,------,----------------,---0------------,----0----1------,------,------------0---,----------------,------,------0----0----,------
A4LNBB5Z53KYY,-11-1-,-01-0-1100-0-0--,11--111--10-0-00,1-1--1-0--1---00,----1-,11-0-11----0----,---11----0--1-1-,-0--0-,-010---010---11-,-10-1-
A3F54NP0FKM8SG,---0--,------------0---,----------------,---0------------,---0--,----------------,----------------,---1--,------------0---,---0--
A3FO3LK5SW82E2,110111,0011011000010111,1010001000011100,0111110010010000,100111,1-01101100010111,111101000-010101,000111,0011111100000101,011101
A3S7SYBC9P6NQP,010110,1011111110101111,1111111100001110,1111111101001101,000111,0000111000001100,0100111100000101,100100,0101110101001111,111001
A3SAO9EW6SVNPS,11--00,----------------,----------------,----------------,1---11,----------------,----------------,01--00,----------------,00--01
A2HJDLSU95MH8Q,---0--,1--0-1--0-1-1010,--11---10--011--,-1101-1101-011--,-001--,-11-1-00010-1111,111--11000101111,--01--,0---110-0-1011-1,---0--
A2I78BA4JY0A7F,---1--,------------0---,----------------,---1------------,---1--,----------------,----------------,---1--,------------1---,---0--
A1S88VQY8G8CNC,1----0,----------------,----------------,----------------,0----0,----------------,----------------,0----0,----------------,1----0
A1FG2G9TZSDN,------,----------------,----------------,0----1----0----0,------,----------------,----------------,------,----------------,------
A2GQF8D73PWOJI,------,---0------------,-----------0----,------------1---,------,----1----0----1-,-0----1----0----,------,----------------,------
A34MBAYKR8R12S,------,1----1----0----0,----------------,----------------,------,----------------,----------------,------,1----1----0----1,------
AIT1599C1IXTK,------,--------1----1--,----------------,--1----1--------,------,----------------,----------------,------,--------0----1--,------
A3C08IKA80JZGM,------,--------------1-,----------------,-0----1----0----,-00---,----------------,----------------,--0---,----0-----------,------
A2VX9QCUTQ2R04,---1--,------------0---,----------------,---1------------,---1--,----------------,----------------,---1--,------------1---,---1--
A1Z0WPKCBBHDPU,000010,1001010110101111,1100111011101010,1000110100010011,000000,0110001001100010,0000100011101100,001111,1110100010111011,001100
A2M0II20JK7R13,------,----------------,---0------------,----1----1------,------,------------0---,----------------,------,------1----0----,------
A10UOV89EVLDAM,------,----------------,----1----0----0-,----------------,------,---1-------0----,----0-----------,------,----------------,------
A3G39R2SKCALD8,------,----------------,--------0----0--,----------------,------,--0----0--------,--------1----0--,------,----------------,------
A300YU98I2WEL4,---1--,1-11-0-10-1-1011,11101110-1101-11,-1110-1101-011--,-111--,11-0111-00001110,011-1111-0000-10,--00--,0-0001000-0101-1,---0--
A39FP7MIGFILTM,111000,1010001011101000,1000101111101000,1000111100001111,111000,0111010011100000,0000011111001000,101001,1100001011101000,010000
A323N9NG19N65D,0----1,----------------,----------------,----------------,0----0,----------------,----------------,0----0,----------------,1----1
A4TM9D1FUQZ68,------,----------------,--------1----1--,----------------,------,--1----1--------,--------1----1--,------,----------------,------
A3K2TA2KKPJ84W,--1---,----1----0------,----------------,----------------,------,----------------,----------------,------,---------1----1-,--0---
A3T8F20W5KKY9Y,10--11,----------------,----------------,----------------,0---10,----------------,----------------,01--00,----------------,11--00
A2VFQ8DS884HLX,------,---1------------,--1-1--1-0-11-0-,--------1---01--,------,-0-11-1-1101-111,100-1111-0011-01,------,----------------,------
A1G69P73SBVUR4,---1--,------------0---,----------------,---1------------,---1--,----------------,----------------,---0--,------------1---,---0--
A24XE3JSRCGLMD,111-01,-01-0-10-0-0----,1001-100--0-1--1,1---11--110--100,0---10,10---11-0---11--,--10---0-0--1-0-,00--11,-100--11-1-0--1-,000-00
A12AXBTG45MWL2,------,-0----1-0--1-01-,----------------,111--111--10--10,-11---,----------------,---1------------,--0---,-1--1---1----1--,------
A2JKM9ZTUWHVPF,------,--------1----01-,---1----0----0--,-11-1-11-0-0----,-00---,--0----1----1---,--------0----1--,--1---,----1-1-0--0-1--,------
A2807HUMU6JG6Z,100100,1101010110101110,1101111011101111,1000110001000101,111100,0111101101000111,0010000010101110,001110,1001100011101101,100100
A1WS4ONTCJ1ZG5,------,----------------,----1----0----1-,----------------,------,---0-------0----,----0-----------,------,----------------,------
A12XMUO7UW08EK,---1--,------------0---,----------------,---1------------,---1--,----------------,----------------,---1--,------------1---,---1--
A1LR71IS0QHPK3,110110,1111111111111111,1110000100000100,0111111101111111,000100,0000000000000000,0100110100000100,111100,1111110111001111,111001
A2HUTXBZ4YCVYT,------,---1------------,-----------1----,------------0---,------,----0----0----1-,-1----0----0----,------,----------------,------
A2Y6XCSXC16EZY,------,--------------1-,----------------,-1----1----0----,-00---,----------------,----------------,--0---,----1-----------,------
AX2VR7850ON7L,0----0,----------------,----------------,----------------,0----0,----------------,----------------,0----1,----------------,1----1
ATEWATSZJIDBW,000000,1000000000001001,1111111101101011,1110110000111111,011010,0111001001000101,0001101111000000,001100,0000010000010000,000000
A1258YAV4INLP1,100-10,-1011-01-0-0----,00--111--000--11,1----1----0-0-11,1---10,1--000---001--11,11-1110---00---0,00--11,-101---1-1----1-,101-01
A12ATVBE1I4567,------,--------------0-,----------------,-1----1----0----,-00---,----------------,----------------,--0---,----0-----------,------
A2X6M86NB41KSY,------,1--1-0----1----0,1-1-10-0-0001-00,--------0---11--,------,00-0101-0000-000,000-0111-0000-01,------,0----1----1----1,------
A16JMJHOUC2MGE,------,----------------,------------0---,----------------,------,-1----1---------,---------0--1-1-,------,----------------,------
A16K3CX6M52MR2,001111,0100001000000000,1100111011100000,1000010100100000,000100,1111111111111111,1110100010001111,001101,0100000000000000,100000
AKXY2ATEM5DC2,-11-1-,011110110111-011,1011001000100000,011-111111101111,-00-0-,0000000000000000,0000000000000000,-10-1-,001011100010-011,-10-0-
AHOTKNMJFS8TR,------,0----0----1----1,----------------,----------------,------,----------------,----------------,------,0----1----0----1,------
A8PJHNOLEDTZI,--1---,--0-1--1-0------,-0----1-0----0--,0----0----1----0,------,--1----0--------,--------0----0--,------,--11---1-0----1-,--1---
AP8IMKOJ4H8UP,001101,1011010001111110,0010011011100111,1001001000101001,011111,0110101110101111,1001100000001111,111000,1010110011011101,010101
AECQ7QG4CQP69,--1---,011100110010-010,1110111010101010,111-111100000010,-00---,1010111110101110,1111011100101111,--0---,000001110000-111,--0---
A2GP9WCP2ZMRLI,------,---1------------,--10---0---0----,----1---01--11--,------,----1---10--111-,-10---01---1----,------,------1----0----,------
A3IH4TNZSWEZWG,------,-0----1----0----,----------------,--------------0-,------,----------------,---1------------,------,-1--------------,------
A3IC7ZQ257WUNV,------,----------------,--1----1--------,--------1----1--,------,--------0----1--,--1----1--------,------,----------------,------
A3TLULY74YH55R,---0--,------------0---,----------------,---1------------,---0--,----------------,----------------,---0--,------------1---,---1--
A1QXU4Q3CK75FK,001101,1010111110111010,1000100000101010,1010001010101010,000110,0000101000000010,0000111100000010,010110,1010111100100011,011110
A15PHPJA7AWCS3,1----1,----------------,----------------,----------------,1----1,----------------,----------------,0----0,----------------,1----0
AQQHB2MWCFO8F,---1--,---1----0---111-,--11---1---01---,-1101-1100-011--,-111--,-1--0-1-000-0110,111--110-0001-10,--11--,----1-1-0--011--,---0--
A1TX6871L8FCQE,------,--------0----0--,----------------,--0----1--------,------,----------------,----------------,------,--------0----1--,------
A7H3Z4U3ZZFWI,------,----------------,------------0---,----------------,------,-0----1---------,---------0--1-1-,------,----------------,------
A2B4NOB02ERQCL,------,--------0----0--,----------------,--1----1--------,------,----------------,----------------,------,--------0----1--,------
A1E8PIR82KIJEP,------,--1----0--------,----------------,----------------,------,----------------,----------------,------,--0----0--------,------
A1UP1IO0RGWRM3,------,----------------,1----1----1----0,----------------,------,1----1----0----0,1----1----0----1,------,----------------,------
A2G0GEZRMR8V66,------,--------------1-,----------------,-1----1----0----,-00---,----------------,----------------,--0---,----1-----------,------
AEEL6DE8FQSX6,111011,11110111011111-1,1110111011101110,1-0101-1010-0010,1--001,1110000011101110,0001000000000000,01-100,0001-00101000111,111011
A5P5BCZ0IHGTT,110100,0111010000000101,1111111100111111,1111110101011110,111001,1111101011111111,1111010111110100,110100,0111010100000111,111001
A6KOTWP7N7RLU,1----1,----------------,----------------,----------------,0----0,----------------,----------------,0----0,----------------,1----1
A3X6N2OAY5XY8,---1--,------------0---,----------------,---0------------,---1--,----------------,----------------,---1--,------------1---,---0--
A16RQBSDX6NKND,011-01,-0000-00-0-0----,00--000--0010-11,1----0----0-1-00,1---00,10-1001--001--10,11-1100--0001-11,00--11,-010---1-0----0-,000-11
A22EONKWYRJTYP,001000,1000100000101000,1111111100111111,1110110000110111,000000,0100001000101111,0111000010011000,000000,0000010100011100,011000
A1SMYB7YESWB29,-1-11-,1-11-1-11-0-11-0,1-1011-111101111,--111--111--11--,---10-,0010001011101110,011-000001001111,-1-10-,1-1--1100-0011-1,-1-00-
A182N7RLXGSCZG,110011,0100110011110000,0011011000110100,1101111111111110,111111,1100010001000000,1011111100110111,110000,1010000101011110,011100
A18BT8WUOEL92Z,000110,1000101000101010,1000101010101010,1111111011101110,000100,1010101000001011,1110111101001111,010110,1010111111001111,110000
A18QKN922KQEOV,010100,0010000010101011,1000100100100110,0100111000101000,100100,0111001001111110,1111100110100000,000011,0101101001101100,000101
A192KNMRT3IT3S,---0--,0-01-0-11-1-0110,--10---10--1-0--,-1111-0010-101--,-001--,--1-0--000--000-,-10---110--1-1--,--00--,1-1-00011-0000-0,---0--
A19E425WTUQ9KI,------,---1------------,--10---0---10---,----1---11--00--,------,-0--1-0-00--101-,-11---11-0-11-0-,------,------1----0----,------
A3B5UFOTPU1TQJ,---1--,------------0---,----------------,---0------------,---0--,----------------,----------------,---0--,------------0---,---1--
A3B657VTNQI72J,------,----------------,1----0----1----0,----------------,------,0----1----------,----------------,------,----------------,------
A38X9FNJOZ6LRX,---1--,------------0---,----------------,---1------------,---0--,----------------,----------------,---0--,------------1---,---1--
A9AKXVUGZNVTE,------,1----0----1---10,---1------------,-1--0-1--1-0----,-00---,------------1---,----------------,--0---,0---010----0----,------
A1WSSSEYTPLEUW,------,0--1-1--1-1-1001,--00---10--0-1--,-0100-0000-110--,-111--,----1--011--101-,--0---111--0-0--,--11--,0---101-1-1111-1,---1--
A203H7L1KFBL1A,------,----------------,----------------,0----1----0----0,------,----------------,----------------,------,----------------,------
A2UES1POFN54DP,------,----------------,---0------------,----1----1------,------,------------0---,----------------,------,------1----0----,------
A2UF2FRGVW4T89,------,1----1--1-1--000,----------------,-01---11---1----,-00---,----------------,----------------,--0---,0---00--0-0--1-1,------
AYJMDE3TY9KR4,------,-1----1----1----,-1----1---------,--------------1-,------,----------------,---1------------,------,-1-1------------,------
AI6KURCLYS8ZF,010100,0011101100000011,1110111011101110,0111011101110110,011111,0110111000101110,1111111101111111,010100,1101111111011111,111011
A3JRJQLXDCRW4O,------,----------------,------------0---,----------------,------,-0----0---------,---------0--1-1-,------,----------------,------
A31GW1DTYUZ9HD,---1--,---1--------0---,--1----0---0----,---1----1---10--,---1--,----1---111--010,111--011--11---1,---1--,------------1---,---1--
A2BB9SHJKRYRAM,0-1--1,----1----0------,1----0----1----0,1----0----0----0,0----0,1----0----------,----------------,0----0,---------0----1-,0-0--0
A394ZSXT3OW8YN,--11--,1111111001000100,1110111010101010,1111011101100110,-110--,1110001011101110,1111011001110111,--01--,0110111100001111,--11--
A3968UBASUK8GN,------,0----0----1----1,111--1101-1--1-0,--------1----1--,------,1-1--1-11-1--0-0,1-1--1-10-0--0-1,------,0--1-0----0----1,------
ASL9DJYE4F92C,------,--------0----0--,----------------,--1----1--------,------,----------------,----------------,------,--------1----1--,------
A35ROC8J91VOW0,0-00-1,1--110--101-1111,1-1001-1-1111-11,-1010-1111-111--,0111-0,11-1000-00000100,111-0010-0000-00,1-00-0,0---000-01101111,1-11-1
A3VGEX0JSA7Q1B,------,--------1----0--,1-1--0-1--1----0,--1----11----1--,------,0----0--0----0--,--1----0--------,------,--------1----1--,------
A1DBXS6YK8AF1X,------,--------0----0--,----------------,--1----1--------,------,----------------,----------------,------,--------1----0--,------
A9KPX8I7QZVF7,--1---,----0----0------,----------------,----------------,------,----------------,----------------,------,---------1----1-,--0---
A8PY49UUEBCVB,010-10,-0101-10-0-1----,10--100--1101-11,1----0----0-0-11,0---11,00-1101--111--11,00-0-00--0001-11,00--01,-000---1-1----0-,001-01
AZOV5QBQK3B8L,011-11,1---11---11----0,--1----1--------,--------1----0--,0---00,--------0----1--,--1----0--------,00--00,0----1---11---11,011-00
A1AXD2Q0MREL8W,------,----------------,---1------------,----0----1------,------,------------1---,----------------,------,------0----1----,------
A2FBJV1VAI9SQ6,-0--1-,----------------,----------------,----------------,----0-,----------------,----------------,-0--0-,----------------,-0--1-
A27SRSSZ8JXUHM,1----0,----------------,----------------,----------------,0----0,----------------,----------------,1----0,----------------,1----1
A3SD2HI2RDFFZW,------,-0----0----0----,----------------,--------------1-,------,----------------,---1------------,------,-0--------------,------
A3TK42KL2AR9LL,100000,-00-0-0011-0001-,00--101--11-0-01,1000-100--11--11,011110,00-1-11---00---1,0--111---00-0-10,001001,-0000--010--010-,110000
A1S65MPJSSYO6D,-11-1-,101000000000-010,0000100000101010,100-000000001000,-00-1-,0010101100101011,0000111100001111,-10-1-,000011111000-011,-00-0-
AS0RM98EFBCGT,------,---1------------,-----------0----,1----1----0-1--0,------,----0----01---00,00---11---00---1,------,----------------,------
AS2O3YDKSO8F6,1010-1,0000011001110100,0011010010000-01,0110111110100000,000101,1101001110110000,0110001110010000,001110,1111011011110001,101010
A58LOH3VG3CBC,---1--,------------0---,----------------,---0------------,---1--,----------------,----------------,---1--,------------1---,---1--
A16U37SOHYW5OS,011001,-01-0-10-1-01---,-01-0-11-1--1-0-,0--1-1--0-0--111,0--001,-0-1--1-1-10-0-0,0-1000-1-11-0-10,01-001,-110---0-0--0-1-,010001
AKVDY8OXNMQED,------,----------------,--1----0--------,--------0----0--,------,--------1----1--,--1----1--------,------,----------------,------
A14GU4D1F5W031,---0--,--11---10---00--,1010011000101010,--101--111--11--,---1--,1111101100100010,111-111000100110,---1--,--10--100--011--,---0--
AQX05BSRW31BY,0--1-0,------------1---,----------------,---0------------,0--1-0,----------------,----------------,0--1-0,------------1---,1--1-0
AHJMVCCEOY1FU,---1--,------------1---,-0----1---------,---0------------,---1--,----------------,----------------,---1--,---0--------1---,---1--
A1SOWXN2S9HJ2F,01--00,-000--00---0----,10--101--0111-11,1----1----1-0-11,0---10,00-1101--010--11,00-1101--0001-00,00--10,-000---0--------,00--00
A1ZE52NWZPN85P,010100,1011101110101011,1010111011101111,1101010100011111,000110,0000111100101110,0001111100010101,000100,0001110100011101,001001
A3ANI0G1WKMSFF,------,0010-0101-10-010,1100111010001010,110-111111001100,-00---,1000111000001110,1100111111001111,--0---,110011001-11-1-1,------
AMBSUCO4ODFV3,---1--,------------0---,----------------,---1------------,---1--,----------------,----------------,---0--,------------1---,---0--
A3SBNJPZS7E2AX,111111,1111011011100110,1-1110-11011-010,0111011100110010,100000,1-1000-000101110,011100000-10-1-1,000110,001-011100000011,111111
A2OME1K64OSP9K,------,--------0----0--,----------------,--0----0--------,------,----------------,----------------,------,--------1----1--,------
AYKDN0E8YXVY,---1--,------------0---,----------------,---0------------,---0--,----------------,----------------,---0--,------------1---,---1--
A360VG4DB0G8W9,111111,1101110001001101,1111011000101110,1111101110111010,111001,1111001011110010,1011101111110011,111100,1011101000111011,011110
AGXW8DMN1NZ0H,101010,01110101110-1101,0101010101011011,1001101011000111,011110,1110100111010000,1101101010010111,101011,1001101000001111,100011
A2911GRDDTKVUG,000100,-010111000000101,1111101010100111,1100010001100110,000111,1101000111101111,1110000001110100,100100,1011101000011011,000100
AAXILKN9M4YW1,0----1,----------------,----------------,----------------,1----0,----------------,----------------,0----0,----------------,1----0
AB48J3ZQSISB9,------,---0------------,--00---0---01---,----0---11--11--,------,-1--1-1-11--111-,-11---11-1-11-1-,------,------0----0----,------
AKLH2YXK5BAUP,---1--,--------0---010-,----------------,-100--00---0----,-001--,----------1----1,1----1----0----0,--01--,----1---0---10--,---1--
ANZR2DCSMD0NX,-1--1-,----------------,----------------,----------------,----1-,----------------,----------------,-1--0-,----------------,-0--1-
AE3Z2PJNQ72I0,011-10,-0101-10-1-0----,-110--10---0----,0---01--011-0000,1---00,----0---10--111-,-111--00---1----,01--00,-000--11-0-0--1-,101-01
AX7QB1F1M1IDO,------,----------------,----1----0----1-,----------------,------,---1-------0----,----1-----------,------,----------------,------
AWPLYU3VUP9RM,---1--,------------1---,----------------,---1------------,---1--,----------------,----------------,---1--,------------0---,---0--
A30I1I65ASF6BQ,------,1----1--1-1--0-1,----------------,--1----1--------,------,----------------,----------------,------,0----1--0-1--1-1,------
A35Z81OG580PL8,101110,1100111110100111,0000011011100111,1000000100010001,100101,1110101110111110,0001100110010101,111101,1001111111111111,010011
A2OPV173ISAT0D,------,0--0-1----1---10,111-111111110110,11---11-1-1111-0,-11---,111111110000-111,111-111000001110,--1---,1--001----1----1,------
A1NKBXOTZAI1YK,------,----------------,--------1----0--,----------------,------,--1----0--------,--------1----0--,------,----------------,------
A1V2M2C00I5SWW,------,----------------,---0------------,----1----1------,------,------------1---,----------------,------,------0----0----,------
A2P791EA88YGSV,---1--,10---01---101-11,--------1----0--,01-1-10---00--11,-001--,--1----1--------,---1----0----1--,--01--,01--11----0-1--1,---0--
A2IKZUG69SPJXO,------,----------------,--1----0--------,--------0----1--,------,--------0----1--,--1----1--------,------,----------------,------
AWYBIWKOTKURW,------,----------------,--11---1--------,----1---11---1--,------,--------1---11--,--1----1--------,------,------1----0----,------
AJ2BOHOPWZQNE,11-001,------------0---,----------------,---0------------,0--110,----------------,----------------,00-100,------------1---,00-000
A3Z9ACIWUI1C1,011-11,----1----1------,----------------,----------------,1---01,----------------,----------------,11--00,---------1----1-,111-01
A22X2KTR6Y8ZGJ,--1---,----0----0------,--------0----0--,----------------,------,--1----1--------,--------0----1--,------,---------0----0-,--0---
A3V8LIMUUJWUTL,--0---,----1----0------,----------------,----------------,------,----------------,----------------,------,---------0----1-,--1---
A6SB0J53Z2Z1M,------,----------------,----------------,----------------,------,----------0----1,1----1----1----0,------,----------------,------
AOB5RZ3WSAZPS,101111,1111111111101110,1110111011101110,0111011101110100,000100,1110101000001110,0110010001000110,000100,0100010001001111,110001
ACR4KARO1LRP9,---1--,------------1---,-1----1---------,---1------------,---1--,----------0----0,0----1----0----0,---1--,---0--------1---,---0--
A1A43SKHDYO3Y,------,----------------,--1----0--------,--------0----1--,------,--------0----0--,--1----0--------,------,----------------,------
A20TA8YNLKVHOS,---0--,------------0---,----------------,---0------------,---1--,----------------,----------------,---1--,------------1---,---0--
A1H5Q9HRH4RPZU,------,-1----1-1--1-1--,--1----1----1---,--1----11----11-,------,-1----1-0-1--1-1,0-11-1-0-00-1-10,------,-0------0----1--,------
A1U3UUELW55W65,111011,0011101101011110,011-100-000-110-,-0111-1111--111-,000010,1011110000010010,010011-100010111,101110,0111-00-11010001,011001
A3ITVF7URXG3KQ,1----0,----------------,----------------,----------------,0----0,----------------,----------------,0----0,----------------,0----0
A10B085VKZYQJB,------,1----0----1---10,----------------,-1----1----0----,-00---,----------------,----------------,--0---,1---11----0----0,------
A3L8C3IF955Z65,110100,1110111010101110,1110111000101111,1101111101001110,000100,0010001000001111,0100010100001111,010100,0101111101011101,101001
A2Y7D5EQ8QD8A3,------,--11---1--------,111111101010-111,----0---01--00--,------,1-1111-110-0111-,-11-1-010--1-1--,------,--00--01---0----,------
A1DD3PZO5BO3EY,011-11,-11-0-11-0-1----,10--101--01-1-10,0----1----0---00,0---10,10-1-01----0----,---01----0--0-1-,01--00,-110---1-1----1-,111-00
AIX0AZ8DN7CCJ,---0--,0----0----1-0--0,----------------,---1------------,---1--,----------------,----------------,---0--,0----0----1-0--1,---0--
A39XLBFLSTLS,------,----------------,--------0----0--,----------------,------,--0----1--------,--------0----0--,------,----------------,------
A1G5UODTVW13MM,-11-1-,001000110010-000,1010101010101010,111-110011001100,-00-0-,1010101010001010,1100111011101110,-00-1-,110011111000-110,-00-0-
A15TLEMC9O4ZUD,0----0,----------------,----------------,----------------,0----1,----------------,----------------,0----1,----------------,1----0
A3AYHESLQSDY5T,------,0-00-0-01-0--010,10-0101-00000000,011-1110-0100--0,-00---,10101111-0111-11,10--111-10101111,--0---,1-1011110-00-1-0,------
AXY0D2AMLKE2A,-1--1-,----------------,----------------,----------------,----0-,----------------,----------------,-1--1-,----------------,-1--1-
AH9NHR1PJODG1,------,1----0----1----0,----------------,----------------,------,----------------,----------------,------,1----0----1----0,------
AR7V9FJK1DAZ8,------,----------------,---0------------,----0----1------,------,------------1---,----------------,------,------1----0----,------
A2O7HACW83WJK9,-1--1-,----------------,----------------,----------------,----0-,----------------,----------------,-0--1-,----------------,-0--1-
A3ETQ1QZRGW4VF,------,1----0--0-0--110,----------------,-11---01---0----,-00---,----------------,----------------,--0---,0---01--0-0--1-1,------
A2U31V169A20GY,------,----------------,----------------,----------------,------,----------0----0,0----1----0----1,------,----------------,------
A3QHAAJF8046HA,010-00,-0101-10-0-0----,10--100--0001-11,1----0----0-1-11,0---10,00-1101--010--11,00-0101--0001-01,00--10,-000---1-0----0-,001-11
A25BRCS2JF0P0A,---1--,------------0---,----------------,---1------------,---1--,----------------,----------------,---1--,------------1---,---0--
A11AJ8ZYQ6MR40,---1--,--------0---00--,----------------,--11---1--------,---1--,----------------,----------------,---1--,--------0---11--,---0--
A103RFEZROB95C,---0--,------------0---,----------------,---0------------,---1--,----------------,----------------,---1--,------------0---,------
A3QFL2284F2P9R,--0---,----0----0------,----------------,----------------,------,----------------,----------------,------,---------1----1-,--1---
ASQ01UIU3XVYQ,000010,1011100010111111,0000111001110101,0000111010000011,011010,1101100101101101,1011010011001100,001111,1010101010101110,000111
A1PIFYLH5PAG6X,010000,0-1010-0000-1101,0-0101-111010001,-1100-0111-100--,000000,1111000001100000,011-011011011101,010001,0-1-010011001100,011001
A36E2C9QELIKK4,0----1,----------------,----------------,----------------,0----0,----------------,----------------,1----0,----------------,1----1
AX9IOK8HCB8S4,------,--------0----00-,----------------,-10---11---1----,-11---,----------------,----------------,--0---,----1---1----1--,------
A2AHE3I9FC9MK8,------,1----1----1----0,----------------,----------------,------,----------------,----------------,------,0----1----1----1,------
A9LDUI7MNK7CX,------,-1----1----1----,----------------,--------------1-,------,----------------,---1------------,------,-0--------------,------
AGSLBIXQFSPUY,110-00,----1----0------,----------------,1----1----0----0,0---10,----------------,----------------,01--10,---------1----1-,101-01
A11YBW41FCLH5G,------,----------------,--------0----0--,----------------,------,--0----0--------,--------1----0--,------,----------------,------
AEH4MO41XBJ7U,--11--,----1----0--0---,----------------,1--1-1----1----0,---1--,----------------,----------------,---1--,---------0--1-1-,--01--
ARB8SJAWXUWTD,------,-1----1----0----,----------------,--------------1-,------,----------------,---1------------,------,-0--------------,------
AVW481IP6HTU2,-10-0-,-1--1-1--1-0----,----------------,0----1----0---00,----0-,----------------,---0------------,-1--0-,-1-------1----1-,-11-0-
AW1QY7Q83DYCJ,------,----------------,---0------------,----0----0------,------,------------1---,----------------,------,------1----1----,------
A1BWO4ZG5OB68S,---1--,------------0---,----------------,---1------------,---0--,----------------,----------------,---0--,------------1---,---0--
A2E8U8ZMA246U1,110100,1111111111111111,1110-1111-1011-1,1111111111111110,011001,001-0010110-0010,0100-01011111110,000100,1110111101101111,010100
A2MMRMD7GUALB1,------,--------0----11-,----------------,-11---11---0----,-00---,----------------,----------------,--0---,----1---0----1--,------
A374VVZZ23SD2P,1--0-1,1----1--0-1-00-0,--1----01----0--,--10---01----1--,1--1-0,--1----00----0--,--1----00----0--,1--1-0,1----1--0-1-11-1,1--1-0
A16QTAQEEQ333L,111-01,----0----1------,----------------,1----0----1----0,1---01,----------------,----------------,01--10,---------0----1-,011-10
A3OQGGABOGJGM9,0----1,----------------,----------------,----------------,0----0,----------------,----------------,0----0,----------------,1----0
AAW3TRPHKSB3B,------,--------------0-,----------------,-1----1----0----,-00---,----------------,----------------,--0---,----1-----------,------
A133WBYXVL7QME,111-01,-11-1-11-1-1----,00--000--00-0-00,0----0----1---00,1---11,10-0-10----1----,---00----1--0-1-,11--11,-111---1-1----1-,111-11
A173XG3NZ7JPT7,101011,0111001000110000,1110100011100000,1111011111110100,111110,1111111010001110,1111011101100110,000000,0000111011101111,110000
AQMR7KXKZ7V4Z,------,1----1----1----1,--------1----0--,----------------,------,--1----0--------,--------0----1--,------,0----0----0----1,------
A37V6FT1VS3KJ2,--0---,----0----0------,----------------,----------------,------,----------------,----------------,------,---------1----1-,--0---
A3AJAE98ONTPBK,000010,0001110010001110,0101111011001111,1000100000100111,011101,0111100111101110,0010110010001101,001100,1001111110111101,10010-
A26TXQC04T5AAS,110100,1011101110101011,1111001000001111,1111110100011101,000110,0000111100000000,0000111100001100,111100,1101110111011101,101001
A2A2N3PDW4UYWM,------,--------0----11-,----------------,-10---00---0----,-11---,----------------,----------------,--0---,----0---0----1--,------
AJUI32V3AFBLE,011-11,000100010001-000,0000000000000000,101-101110111000,011-11,0000111100000000,1111111111100000,011-10,101111111011-111,000-10
AQVWY2FTUQLLT,------,---1------------,--11---1---1----,----1---00--11--,------,----0---01--010-,-10---00---1----,------,------1----1----,------
A1I1QEHJZ9XTKC,-1--1-,----------------,----------------,----------------,----1-,----------------,----------------,-1--1-,----------------,-1--0-
A25RMSY7UX6MWV,1----0,----------------,------------0---,----------------,0----1,-1----0---1----1,1----0---11-1-01,1----0,----------------,1----0
A2JZ65LTUMRMNV,---1--,------------1---,----------------,---1------------,---1--,----------------,----------------,---1--,------------1---,---0--
A2OLM3IAEDU460,------,--------1----1--,----------------,--1----1--------,------,----------------,----------------,------,--------0----1--,------
A145XQ7P617F4H,------,---0------------,--10---0---01---,----0---00--00--,------,-1--1-1-10--101-,-11---11-0-01-1-,------,------1----0----,------
A2CN2V295GTNN9,11-100,1----1----0-1--0,---0------------,---11----0------,0--111,------------0---,----------------,01-100,1----11---001--1,00-011
A3PIHDC8LXVQ4H,------,--1----0--------,----------------,----------------,------,----------------,----------------,------,--0----1--------,------
A3MW1FSUZ4MMGE,1----0,----------------,----------------,----------------,1----1,----------------,----------------,0----0,----------------,0----0
A2UK6SLUS8P0H2,------,--1----0--------,10--000--01---00,----------------,------,1--0-1-----0----,----1-----------,------,--01---1--------,------
A35OWV8U5NMY15,---1--,------------0---,----------------,---1------------,---1--,----------------,----------------,---0--,------------1---,---1--
A37U8NGF0FTPG4,1----1,----------------,----------------,----------------,1----1,----------------,----------------,0----0,----------------,1----0
A848991HB4D9V,01--01,----------------,----------------,----------------,0---01,----------------,----------------,00--11,----------------,00--01
A3E2L6KB2GSW4H,------,--------1----1--,----------------,--0----1--------,------,----------------,----------------,------,--------0----1--,------
A3BX9RF208DH05,1----1,----------------,--------0----0--,----------------,1----0,--1----0--------,--------0----1--,0----0,----------------,0----0
A277KN9SYH1OLP,0----0,--1----0--------,------------0---,----------------,0----0,-1----1---------,---------0--1-1-,0----0,--0----0--------,1----1
A27ERO97G61M54,110100,1011110100101111,1111111011001110,1111001101000111,011111,1010110000000000,0100010000000100,000000,0100011001001111,100000
A27O7H19C0WQ7T,------,--------0----1--,----------------,--1----1--------,------,----------1----0,0----1----1----1,------,--------0----1--,------
A315BL34XME4SS,01-001,0111-0100-110110,-0001-1101-0-00-,0110111111011100,100010,--011--000110000,011101111-11-0-1,010011,010100001-0000-0,10-011
A23J0BNIK7TB1N,--0---,----1----0------,----------------,----------------,------,----------------,----------------,------,---------1----0-,--0---
A27QGKZKM6AE8L,001111,0101011101110100,1100111011100100,-0110-1110-1000-,111000,1110000001000100,1011000000110011,100000,0011000011111111,011111
A2Y7U5R8MVHTBE,---1--,--------0---01--,----------------,--11---1--------,---1--,----------------,----------------,---1--,--------1---11--,---1--
AV82XILD9BG1E,-1--1-,----------------,----------------,----------------,----0-,----------------,----------------,-0--1-,----------------,-0--1-
A23OR0D1FCUVMM,-1--1-,----------------,----------------,----------------,----1-,----------------,----------------,-1--0-,----------------,-0--0-
A2P5R40NOOZ4HJ,-1--1-,--1----1--------,-1----1---------,----------------,----0-,----------------,----------------,-1--0-,--11---1--------,-1--1-
A2151NHZZD018M,------,1----1----0---00,----------------,-0----1----1----,-00---,----------------,----------------,--0---,1---00----0----0,------
A2O3X8MPGRUTGP,------,----------------,--10---0--------,----1---01---1--,------,--------0---10--,--1----0--------,------,------1----0----,------
A2DFXQ3QVQ9ELH,------,--10---1--------,1110111111101111,----0---01--11--,------,1110111100001110,010-111100000101,------,--00--00---0----,------
A2KRBV7BXB6EO3,---1--,0001-0110-111011,1110111011101111,1000111110101110,-111--,1111111101101110,1111111111101000,--01--,000011001-0011-1,---1--
ANWP5LD1FBE3B,------,1-10-1-0--1----0,1010111011100110,----1---11--01--,------,0010111001001111,110-111100000111,------,0-00-001--00---1,------
A2XU1TSQD45EB4,-10-0-,101110101011-111,1110100010001111,111-011001001110,-11-1-,0000111100001000,0110111100001110,-10-0-,011011000110-111,-00-0-
A2WPCXF5IEGMFG,---1--,0--1-1----1-1111,0-1000-11-00-111,-0100-1100-101--,-000--,1-1101-011-0001-,-00-1-001--0-1--,--01--,0---001-0-1100-1,---1--
A2CISHIOILFDHN,---1--,0--1-1--0-0-0000,-110--100--0-1--,-1110-1101-101--,-110--,--1-1--011--111-,-11---110--1-1--,--00--,0--1011-0-1101-1,---0--
AS1KP4SMNONQC,--0---,0---00---01----1,----------------,----------------,------,----------------,----------------,------,1----1---00---11,--0---
A31JM9RECQGYEX,------,-100--10---0----,-0010-10-1-11-1-,----0---11--111-,------,-1-00-0-00101111,11010101-1001-01,------,-110--00---1----,------
A2Y344XH3UDJ9B,------,-1----1----1----,----------------,--------------1-,------,----------------,---1------------,------,-1--------------,------
A1OKFYVJTEK4BI,------,---0------------,--0----1---0----,--------0---00--,------,----1---10---11-,-11---00---0----,------,----------------,------
A19KT2FLMKBGC1,------,---0------------,-----------0----,------------1---,------,----0----0----1-,------1----1----,------,----------------,------
A26YXLMZ98ABQO,1-0-01,100-100--010---0,-0--000--00---11,0----0----0---00,0---11,1--0-1-----1----,---11-----------,01--01,1001-0-1-01----0,111-01
A2B7KSSF87YRBG,------,---0------------,--11---00--010--,----0---01--11--,------,-00-1-1100--101-,-10---1101-0111-,------,------1----0----,------
AMKISPVXJDF9U,1----0,----------------,----------------,----------------,0----1,----------------,----------------,1----0,----------------,0----0
A2X61ARPDQ7ZWX,010100,1010101010101111,1110111100001111,0101110100001111,000110,0010111101100110,0000111100001101,110100,1101110100001101,101001
A2FEF4UZVF9ZC5,------,---0------------,--10---0---0----,----0---01--01--,------,----1---01--111-,-11---10---0----,------,------0----0----,------
AFHBOPL1ZS6NA,------,----------------,---0----1----0--,----1----1------,------,--1----0----1---,--------0----1--,------,------1----0----,------
A2L4PDTJOHV8IC,---1--,1--1-1--0-0-0000,--11---10--1-0--,-1101-1111-100--,-110--,--0-0--0010-0000,111--0101-11-0-0,--00--,1---111-1-1111-1,---1--
A1GWCNUPQPA9JR,------,----------------,--10---0--------,----1---00---0--,------,--------0---11--,--1----1--------,------,------0----0----,------
A2Z7WWYPGEHOJ2,---1--,------------0---,----------------,---1------------,---1--,----------------,----------------,---0--,------------1---,---0--
A1KLU6TSJPVSR0,------,----------------,---0------------,----0----1------,------,------------0---,----------------,------,------1----1----,------
A3APKUC67F9IMW,------,---0------------,-----------0----,------------0---,------,----1----0----1-,-0----1----1----,------,----------------,------
A30NX5HEQGGFPP,------,0----0----1----0,----------------,----------------,------,----------1----1,1----0----1----0,------,0----0----0----0,------
A19MQR0LQ75OOT,------,-0----1----0----,----------------,--------------0-,------,----------------,---1------------,------,-0--------------,------
A1X9X6JCC0UEKM,110100,-1101-0000-0110-,101-0010-0101-10,1100-1000-000110,100000,00-0101-1000-110,01000100-1001-11,000100,-1001--100--110-,100001
A1ZUMDIFIZNMF0,------,0110-1111-10-111,1110111010001110,111-111101001110,-11---,0110101010001010,0011000111010111,--0---,000101110-11-1-1,------
ANHBO1RDUTW9O,------,0-11-0-1--1----1,10101110111011-0,1---11--011-11-0,------,111-111111000100,111-1110-0000100,------,0-10-100--00---1,------
A2FI5NYMCBZCQJ,-10-0-,----1----0------,----------------,----------------,----1-,----------------,----------------,-0--1-,---------1----1-,-10-0-
A2TZAXWOB3JMNV,------,0----0----0----0,--------0----0--,----------------,------,--1----1--------,--------1----1--,------,1----1----1----1,------
A29SAH3AP7HTSS,---1--,------------0---,----------------,---1------------,---0--,----------------,----------------,---1--,------------1---,---0--
A26A4HQXUN51VY,---1--,0----1--0-0-0100,---0----0----1--,-1100-10-1-0----,-110--,--1----0----1---,--------0----1--,--01--,0---000-0-0011-1,---0--
A1CSBWOZLC2KZA,-1-11-,11---11-0-000100,--------0----0--,-111--11---1--0-,-0000-,--1----0--------,---0----0----1--,-0011-,00--00--0-1-00-0,-1-11-
A3BS1M91N9ZEAY,111-00,-1101-10-0-0----,00--000--0000-01,1----0----1-0-00,1---00,00-1101--111--11,00-1100--0001-11,01--11,-001---1-0----1-,000-11
A2FXCHFRZAKJY2,------,--------------0-,----------------,-1----1----0----,-11---,----------------,----------------,--0---,----1-----------,------
A3IECR16UCYFMG,000001,1110111111110110,1110111011101110,1100010111110110,100100,0010100011101000,0001010000001111,000000,0111011101111111,100000
A3TER2X5M4L3W2,------,-011--10---0----,11111110-1101-00,1---01--011-0010,------,10-0111-00001110,00111111-0001-11,------,-010--10---0----,------
A12OPH1K545YJW,------,----------------,---0------------,----0----1------,------,------------1---,----------------,------,------1----0----,------
A22UTVPLLXJKLT,111100,0011011011111101,0011001000100101,0011001100001011,100011,1011111110011110,1000000100100111,110000,0110110111111110,111111
A1E1MQBUKNCKGN,------,0----0----0----0,----------------,----------------,------,----------------,----------------,------,1----0----0----0,------
A2D0V7HDG9LVKP,------,0--0-0----1---10,--10---0---0----,-0--0-0-10-100--,-11---,----1---100-1111,101--111--00---1,--0---,0---000---00---1,------
A31MIOD1NTW06H,-1--1-,----------------,----------------,1----1----0----0,----1-,----------------,----------------,-0--0-,----------------,-0--1-
A2DT1Y0XOGKPS5,------,----------------,---0--------0---,----1----0------,------,-0----1---1-0--1,1----0---01-1-10,------,------1----0----,------
A1JPLX1KTNPGCY,010111,1010101010101010,0010001000001010,0000000000000011,000100,0010101010101010,0000000000000110,010100,0010111000101111,000100
AZGOCZR5GZH09,001-11,-0111-1111-0-0--,11--111--1101-10,0-1--1-1--1-0-10,0---00,11-0111--000--10,11-1011--1101-11,10--00,-111---011---11-,111-00
A3H1UI1194X3TO,011-01,-01-1-10-0-0----,10--100--00---10,--------------0-,0---11,0--0-1-----1----,---01-----------,01--10,-111---1-1----1-,111-01
A1TLKBW8KT7L6F,-1010-,1110011000001111,1111111010101110,1111011001001110,-0010-,1110100000001110,1110011001001111,-1010-,0100111000001111,-1110-
AZ1CPF2NHT5QO,000100,-00-0-0010-0111-,11--011--11-1-00,1000-100--10--11,011100,01-0-01---10---1,0--110---00-1-00,101100,-0001--010--110-,000100
A3830OJ9QDZDJW,------,--1----1--------,1---10---00---10,----------------,------,1--0-0-----0----,----1-----------,------,--0----1--------,------
A317RA15E0SZ4P,------,--------------0-,----------------,-1----0----0----,-11---,----------------,----------------,--0---,----1-----------,------
A2GSLJEIPG3QD9,------,----------------,--1----1--------,--------0----1--,------,--------0----1--,--1----0--------,------,----------------,------
A1A6DUWWGNEE4W,------,-1-0--1----0----,----1----0-0--1-,------------0-0-,------,---01----0-0--1-,-1-00-1----0----,------,-0--------------,------
A1RNQ5X21BF816,--1---,----0----0------,----------------,----------------,------,----------------,----------------,------,---------0----0-,--0---
A2852RLME6S2IX,---1--,--------0---00--,----------------,--11---0--------,---1--,----------------,----------------,---1--,--------0---11--,---0--
A2BLQ1GVEHJR8T,------,----------------,---1------------,----1----1------,------,------------0---,----------------,------,------1----1----,------
AKB82TCYUECWD,-1--0-,----------------,-0----0---------,----------------,----1-,----------------,----------------,-0--1-,---0------------,-1--0-
A36Z99NZBX8NQ4,------,--1----1--------,1----1----0----0,----------------,------,1----1----------,----------------,------,--1----1--------,------
A3HL2LL0LEPZT8,------,--------0----0--,----------------,--0----0--------,------,----------------,----------------,------,--------0----1--,------
A3HU9JOPC9UK8Q,-0--1-,----------------,----------------,----------------,----1-,----------------,----------------,-1--0-,----------------,-0--0-
A2N9U74YIPDQ9F,------,--------------0-,----------------,-1----1----0----,-11---,----------------,----------------,--0---,----1-----------,------
AIOOOO5OXWXKM,---1--,------------1---,----------------,---0------------,---1--,----------------,----------------,---1--,------------1---,---0--
AMLORHHG3UOSA,------,-01---11---1----,----------------,--------------1-,------,----------------,---1------------,------,-10----0--------,------
AU6SRME5DNC67,111000,0011000000111001,00-1-01-0-1011-1,10001011-0001-00,011111,111-1111-01-0-00,10-1-11-11001000,111101,1110000010011101,000000
A3J0T6WAPEOM6O,100-00,-0101-10-0-0----,10--101--0011-11,0----0----0-0-11,0---10,00-1101--010--11,00-0111--0001-01,00--10,-000---1-0----0-,001-11
A3GTPW3MYSLMR7,000110,0111011001101111,1010111011101111,1111111101111110,111100,1111101000101110,1111110001001111,000100,0101011101001111,111001
A142YEQ6O81P55,---1--,0----0----0-0--0,----------------,---1------------,---1--,----------------,----------------,---1--,0----0----1-1--1,---1--
A1594R4WUZ47FJ,------,---1------------,----0----1-00-0-,------------1---,------,-0-10-1--101--01,01--111--1111-10,------,----------------,------
A4GXHVTRGW5P8,---1--,------------0---,----------------,---1------------,---1--,----------------,----------------,---1--,------------1---,---0--
AJQ71YIGY01HZ,------,----------------,1---10---01---11,----------------,------,1--1-0-----0----,----0-----------,------,----------------,------
AU5UJIZ3TLI5M,------,-0----0----1----,11---11---1----0,0----0----1---00,------,1----1----------,---1------------,------,-1-1------------,------
A1ZYJ9H5USAI8P,111110,1110111000101110,1110111011101110,1110111001100100,000100,1110111000001111,0100010001001111,000100,1100010001001111,100000
A1XOG82RCTNFL7,--1---,----1----0------,----------------,----------------,------,----------------,----------------,------,---------1----1-,--0---
A1G2TOP4V721A5,-0--1-,----------------,----------------,----------------,----0-,----------------,----------------,-1--1-,----------------,-0--0-
A338D4KCYBZPB7,---1--,--------0---10--,----1----0----0-,--01---1--------,---1--,---0------00---0,1---00----0----1,---1--,--------1---01--,---1--
A2J84AUK1GVTEA,------,1010-010--00---1,1010101000101010,----0---11--111-,------,1010101010101010,0111111101111111,------,0110-111--00---1,------
A1ODWYF1SFY8DB,------,-01---11---1----,11--111--11-1-10,--------------1-,------,11-0-11---10---0,1--111---11-0-10,------,-110---0--------,------
A3I55L67X0MWC4,0----1,0----0--0-0--000,--11---11----1--,-01-1-1110-1-1--,011--1,--1----11---11--,--1----11----0--,0-1--1,1---101-1-01-0-1,0----0
A3OBGMVJMGC6HW,------,----------------,--------1----1--,----------------,------,--1----0--------,--------0----1--,------,----------------,------
A3EF8GZ0SK81BS,------,----------------,1----1----0----1,----------------,------,1----1----------,----------------,------,----------------,------
A1KRYIRDA2OOWC,------,----------------,-1----1---------,----------------,------,----------------,----------------,------,---0------------,------
A2ADZEAP130MI2,------,-0----0----0----,--------1----0--,--------------1-,------,--1----0--------,---1----1----0--,------,-0--------------,------
A1BGCBLKBPOIU6,011-10,-1101-11-1-1----,00--000--0110-10,1----1----0-0-00,0---10,00-1000--000--10,11-1111--1000-01,00--10,-000---1-0----1-,100-11
A2VEUYSAOYJJDC,011110,1011101100010011,1010101110101010,1111111100010100,011110,1010101100101010,0101111101010001,000110,1000111100001111,101011
AG9LWKO86TNHG,---0--,0001-0111-110011,0011101111111111,1111111011111110,-111--,1011111110111010,1111111111111110,--11--,111011100-0000-0,---1--
A3IXVW8BCITITE,101-00,-1010-01-0-0----,00--100--0010-10,1----0----1-1-00,0---0-,10-1000--010--01,01-1100--0101-10,00--11,-011---1-0----0-,010-10
AT2DQ7AQ0D5DG,------,-1----1----1----,----------------,--------------0-,------,----------------,---1------------,------,-1--------------,------
A1OX5KXDZAVQPJ,------,---0------------,10-0001-00101010,----0----0--1---,------,00101011-0001-10,00--111-00001110,------,---0--1----0----,------
A49A0FF6ZXYDU,001111,0101000001000000,1010111011100010,1111111111100000,111000,1111111011101111,1111101111111111,010100,1000001000001111,010110
A9OU7Y9RJ120Q,------,----------------,----0----0----1-,----------------,------,---0-------1----,----1-----------,------,----------------,------
A3LE1BIVORW3VR,---1--,------------1---,----1----0----1-,1--1-0----0----1,---1--,---0-------0----,----0-----------,---1--,------------1---,---0--
A1QEQ64E22TNUZ,--1---,----1----1------,----------------,----------------,------,----------------,----------------,------,---------1----1-,--1---
A2NWNC36JFEINZ,------,----------------,--------0----0--,----------------,------,--1----0--------,--------0----1--,------,----------------,------
A1YX763SX4292N,------,----------------,---0------------,----1----1------,------,------------1---,----------------,------,------1----0----,------
A3E9HBHOGOP9JK,------,----------------,--------0----0--,----------------,------,--0----1--------,--------0----0--,------,----------------,------
A30HBKEDOLTJ9K,------,----------------,--------1---11--,----------------,------,-01---10--------,--------01--001-,------,----------------,------
A38U1ICIUNLJF7,111111,0111001000000010,1110000000001110,1111000000000100,100100,1110111000001110,1111111100001111,110100,1010110000001111,110100
A1J8LGEF670RMA,010-01,10100010-110---1,0000111011110001,0---01--111-0010,0---01,1111001111111111,0100100010100000,10--10,0000-010-011--01,101-11
AGKIZUSFRFMYX,1----1,----------------,----------------,----------------,0----0,----------------,----------------,0----0,----------------,1----0
A3BP2VGNU7IIEQ,------,----------------,----------------,1----1----1----0,------,----------------,----------------,------,----------------,------
AAW47EO3KEMAT,------,----------------,---0------------,----1----1------,------,------------1---,----------------,------,------1----0----,------
A3IL3HGJW7K6Q1,000011,1101111101000111,1100001101110111,1010111010101000,111100,0111011011011010,0001101111110100,000000,1110100001110100,111100
A94K1346DCTJ1,000101,1101010010101111,0100111011101111,1000010001100011,011001,0111101111001111,1000000010001100,001000,1011111010111101,111100
A1VAQVQBPF30T2,------,----------------,--1----0--------,--------0----1--,------,--------0----1--,--1----1--------,------,----------------,------
A3DQXAOG1FU44O,-1--1-,--------0----01-,----------------,-10---11---0----,-00-1-,----------------,----------------,-10-0-,----0---0----1--,-1--0-
A1LHFL40L4DQ3H,000-00,-0001-00-0-0----,10--101--0111-1-,1----0----0-1-11,0---10,00-1101--010--11,00-1111--0001-01,00--10,-000---1-0----0-,001-00
A10CWGO4F50WBY,110-00,01001001-100---1,0111101101100000,0---00--100-1100,0---10,1010110000000010,1011111000000111,00--11,1111-100-001--01,011-11
A11IIS435RPN2O,011110,1011100100000001,1111111000001110,1110111000000000,111011,1111111111111110,1111111111110000,010100,0000000000001111,110100
AEPAL7E8S3PEB,------,-1----1----0----,--0-1--0-0----1-,1----1--0-1--100,------,---1----0--0-0--,--111--1--------,------,-1--------------,------
A3TKUXUTDX6FBF,111110,1111000000000000,1010001000000000,1111001000000000,000110,1000101000001010,1011111110101111,010100,1000111110101111,000010
A1IIDR9HLUB1MR,-11-1-,101010101010-010,1111111011101010,111-111010101011,-00-1-,0000111100001111,0000111100001111,-10-1-,101011101010-110,-10-1-
ALSAE9PQIVY8P,------,----------------,---0------------,----1----1------,------,------------1---,----------------,------,------1----1----,------
A2OBQ9KZ4GIHUG,-1110-,1010101000101010,1110111011101111,-1010-0101-0110-,-0011-,1110111100001111,0101111101001111,-0000-,0100010001001111,-0100-
A110SRJXQW7KMQ,010110,1110111011101111,1010111010101111,1100111001101110,100100,0000100000001011,0100010001001111,000100,0000111011101111,111000
A304S6RPVBSZRV,110101,1-1011-1100-1111,-1100-0010-0010-,01001010101001-0,011111,-0000-0011101111,111-00110111-100,001111,1-01001110111111,101110
A33X13G7FT2PL,111-11,-11-1-11-1-0----,-0----0---------,1----1----1---10,0---00,----------------,---1------------,00--10,-111---1-1----1-,111-01
A2ECLO3CWAYFR5,111111,1011011100100011,1010111000001000,1010001001100100,111110,101010100000-000,0011101000000010,110100,0010111100101111,110100
A2KYG17AZKIL3Y,------,---1------------,1-00-1-0--101--0,----0---01--11--,------,11--111-00--111-,-11---11-0-00-0-,------,------0----0----,------
A29T44BE3HIGH7,------,0----0----0---11,--10---01----1--,-1--1-1-11-1-1--,-11---,--1----01---11--,--1----11----1--,--0---,1---111---00---1,------
A2ZPPP0XVV8C0W,-11-0-,----0----0------,----------------,1----0----0----0,----1-,----------------,----------------,-1--1-,---------0----1-,-10-1-
AD99N8AB266T7,------,----------------,----------------,1----0----1----0,------,----------------,----------------,------,----------------,------
ANNFNS2BGCYNE,------,--------------0-,----------------,-0----0----0----,-00---,----------------,----------------,--0---,----1-----------,------
A1591LK9JIOJU1,0--1-1,--------0---001-,----------------,-110--10---0----,0001-0,----------------,----------------,1-01-0,----0---0---11--,1--1-1
A2BX8RJDS9GYZ1,------,----------------,---0------------,----0----1------,------,------------0---,----------------,------,------1----0----,------
A2J37FCRL0S479,---1--,------------0---,----------------,---1------------,---0--,----------------,----------------,---0--,------------0---,---1--
A1WAWEY2810TFN,111-01,00000000-000--00,001-0000-0001-10,10---00-0-000010,011-10,11-0111-1111-011,11111111-0101-10,010-10,101010-0-00---10,000-00
A1A6K4NF9JKUHE,010100,1110101000101110,0000101010001010,0000011000000101,000100,0000101000101010,0000010001000111,010100,1101111100001111,011100
A16FEENK26ZT6F,------,1-10-0-0--1----0,1000101010101010,----1---11--11--,------,0000101100001011,000-110110101111,------,1-00-111--01---0,------
A1E8UHTVL7X3IT,-11-1-,01110011-111---0,1111111111111100,1---10--101-1010,----0-,1111101111011110,1111101010101110,-1--1-,0010-010-010--10,-10-0-
A19O7OCARDFGDS,------,-0----1----0----,----------------,--------------1-,------,----------------,---1------------,------,-1--------------,------
A11X8QV9Y8TYZE,011110,1111011101000110,1110111011101010,0110011100100110,111101,1110100010101110,0111011001100110,000100,0000011001100111,111000
A21VJKREB3CBVH,-10-0-,-11-0-10-0-0----,11---11---1----0,1----1----0---10,----0-,1----1----------,---1------------,-1--0-,-110---0-1----1-,-00-0-
A223BBAD3U6QFR,------,-0----0----0----,----------------,--------------0-,------,----------------,---1------------,------,-0--------------,------
A103XX92AATRSG,------,----------------,--1----1--------,--------1----0--,------,--------0----0--,--1----0--------,------,----------------,------
A1SLSQS9AXN0VR,------,--0----1--------,----------------,0----1----0----0,------,----------------,----------------,------,--0----0--------,------
A3DNFIQGSB5M5Q,010100,0010001000001011,1010101000101010,1011101100001010,000110,0010111110101010,1011111110111011,010100,0011101100001011,010110
A1AZV2XOQK7RSW,111-10,-0--0-1--0-0----,----------------,1----1----0---00,0---10,----------------,---1------------,01--10,-1-------1----1-,100-00
A331MFGLEMJB5T,011110,1111111111111111,1110111011101110,1111111111111110,111101,0010001000000010,0110001001100110,010100,1110111101101111,111010
A3IO1BV8SEZZV,000-00,-0101-11-0-0----,10--001--0010-00,1----0----1-1-10,0---10,00-1011--000--11,01-0011--0000-11,01--10,-110---1-0----1-,010-01
AW4TFXHZTDVI5,011011,0000000000000000,1010101010100010,0000000000000000,011010,1110111011111111,1011000110111011,010100,0000000000001011,001111
A10443E11ZWEHJ,------,0----0--0-1--0-1,----------------,--1----0--------,------,----------------,----------------,------,0----1--0-0--1-1,------
A2G7XPM051Q1XB,------,--------------1-,----------------,-1----1----0----,-11---,----------------,----------------,--0---,----1-----------,------
A14NELG02XUU6L,-1--0-,----------------,----------------,1----0----1----0,----1-,----------------,----------------,-0--0-,----------------,-0--1-
A1NUFCOJ6FXI5K,------,---1------------,-----------0----,------------1---,------,----0----0----1-,-1----1----0----,------,----------------,------
A3MCIRTS6UGTSE,110-00,----0----0------,----------------,1----1----1----0,0---11,----------------,----------------,11--00,---------1----1-,111-11
A1C2T79XTDHE39,------,----------------,--------0----0--,----------------,------,--1----1--------,--------1----0--,------,----------------,------
A1J90TOSRZ3MJA,--0---,101110111010-010,1010101010101010,111-110000001100,-00---,1010101010101010,1001111100001101,--0---,000011010000-111,--0---
A83WD7KFT2VTF,------,0----0--1-1--011,--------0----0--,-11---01---1----,-00---,--0----1--------,--------0----0--,--0---,0---11--1-0--1-1,------
A3QCZEK4MIE0IS,---0--,--------1---10--,----------------,--00---0--------,---1--,----------------,----------------,---1--,--------0---11--,---1--
A2ECVZRMEP8Z48,------,----------------,----------------,----------------,------,----------0----0,0----1----1----1,------,----------------,------
A2J92I8PSCDFCC,------,----------------,--------0----0--,----------------,------,--0----0--------,--------0----1--,------,----------------,------
A1ECPX9J2UOXV4,--1---,00101110-010--10,0010101000101010,01--111-11001000,-00---,1110110000001010,1110011000001101,--0---,01101110-100--11,--0---
A1UYS657H2WSZW,------,--------------1-,----------------,-0----1----0----,-00---,----------------,----------------,--0---,----1-----------,------
A34Z3DVUOHC61R,---1--,------------1---,----------------,---1------------,---1--,----------------,----------------,---1--,------------1---,---0--
A20QXCW2IQ1JTI,011110,0010111110100000,0000110101000100,0101111111010100,100110,1100111001000101,0100011101000101,100010,0101000011000101,111001
A1198W1SPF1R4,1----0,--1----0--------,----------------,----------------,1----0,----------------,----------------,0----0,--0----0--------,1----0
A1242KIX4GFIKY,------,--------0----0--,----------------,--1----0--------,------,----------------,----------------,------,--------0----1--,------
A2NKW6JBEM4LL4,111011,1110111111100110,0110111011101110,0110011111110110,100000,0110000001101110,1111011001100111,110000,0111011001101111,010100
A1Z12SGB1WMXHK,-1111-,0010000010101010,1111111111100110,0111011011001100,-0010-,1111111111101111,1111111101011111,-0000-,0100010001001101,-0100-
A3PS8ATJWR0612,111-11,-11-0-11-1-1----,00--000--00-0-00,0----0----0---00,1---11,10-0-10----1----,---00----1--0-1-,11--11,-111---1-1----1-,110-11
A1BOOCWOWB9LBJ,--1---,0---00--000--000,---0----0----0--,101-0010-010---0,-11---,--1----0----1---,--------1----0--,--0---,0---111-0000-011,--0---
A28GR692FURDKO,------,----------------,--10---1--------,----1---11---0--,------,--------1---11--,--1----1--------,------,------1----0----,------
A1JLHMKBGSRROO,010000,0000-00100100010,-111-10101010001,1111000011000011,100110,0-01010100-01111,0-01100100001011,110100,-000110011000000,110101
A1KBDN6C1Q0D4U,111111,0000000000000000,0010001000001010,1000100000000000,000100,0010111110101111,1000101100001110,010100,1000111100001010,000111
A2GD1F3YOMRO7Z,---1--,------------0---,----------------,---0------------,---0--,----------------,----------------,---1--,------------1---,---1--
A28VRECAUOO7U9,---1--,1--1-1--0-0-1111,1-1111-011101111,-1111-1011-111--,-110--,1110111011101110,111-011011111111,--01--,0---000-0-0111-1,---0--
AWVJ2USKEKN1P,100010,1-1010-0001-0100,0001011111011001,01000111010011-1,111111,1001100100010011,101-000000110111,110001,1-10110010011011,001011
A2GOYSTIL3LOV1,---0--,------------0---,----------------,---1------------,---1--,----------------,----------------,---1--,------------1---,---1--
AZPS2EKNR9TYP,------,-0----1----0----,----------------,--------------0-,------,----------------,---0------------,------,-0--------------,------
A233KQOP9UND2P,------,0010-010--00--00,1111000000100000,11--000-01000110,-00---,1011111100101111,1100111101001111,--1---,01000101--00---0,------
A2I988BSR2YYU3,--0---,-1--0-0--0-1--0-,----------------,01---11---11--11,-11---,----------------,---1------------,--1---,-1--0----1----1-,--1---
A7BPZCFTLJR3Y,------,---1------------,-----------0----,------------1---,------,----0----0----1-,-1----1----0----,------,----------------,------
A249CE68FWLKQK,011011,0111011100000011,1011101010101010,1111011100101010,111111,1011101010111010,1111111110110000,010110,0000111100101111,010100
A3A9BO7E5MGHRY,101-11,-11-1-01-0-1----,10--100--00-0-00,1----0----0---10,1---11,11-0-10----1----,---01----1--0-1-,10--11,-111---0-0----1-,011-11
AZ1EV2AJM3340,1----0,----------------,----------------,----------------,1----0,----------------,----------------,0----0,----------------,0----0
AEPCK9YXSTDX4,---1--,0----0--1-1-00-0,---0----1----0--,--010--1-0------,---1--,--1----0----1---,--------0----0--,---1--,0----00-0-0011-1,---1--
A34RG4ANCBZHV0,------,1----1----1----0,----------------,----------------,------,----------------,----------------,------,0----1----0----1,------
A3RN5GD583FY4K,000-00,-00-0-00-0-0----,10---01---1----0,1----0----0---10,0---10,1----1----------,---1------------,00--10,-000---1-0----1-,000-00
AO1DQN0TQVS8H,------,--------0----1--,----------------,--1----1--------,------,----------0----0,1----1----0----0,------,--------0----1--,------
A3CA7SCTM4H9IO,-11-1-,-11-0-10-0-0----,11--010--10---0-,1----1----1---10,----0-,1--0-1-----0----,---10-----------,-0--0-,-110---0-1----1-,-10-0-
A3FVUGDP64A0FY,---0--,1----1--0-0-0101,----------------,0111-110--10---0,-110--,----------------,----------------,--01--,1---11--0-1-11-1,---1--
A1MJX6Q6BTWA6,111111,1111011101110111,1111111101110000,1111111111101010,111100,1111000000000000,1111100000100110,111111,1110101010100110,010100
A1XJKGLSPFWRBT,------,--------0----0--,----------------,--1----1--------,------,----------------,----------------,------,--------0----1--,------
AJ1VMW9NT7287,-1--1-,----------------,--11---1--------,----1---11---0--,----1-,--------0---11--,--1----1--------,-1--0-,------1----0----,-1--0-
A3B8CHEB2ZS31K,--1---,001111111111-110,0110111011100110,111-111111111110,-11---,1110011001100110,1110111011100110,--0---,111011101010-111,--0---
A2LBH2X1DIWOD,-11-1-,----0----1------,----------------,----------------,----0-,----------------,----------------,-1--0-,---------1----1-,-10-0-
AFC9Q2YBBESIP,------,----------------,1----1----0----0,----------------,------,1----1----------,----------------,------,----------------,------
A1SR8X4ITOBUJ3,--1---,----0----0------,----------------,----------------,------,----------------,----------------,------,---------1----1-,--1---
AK7LA9A6DVVGI,010000,-0100-0010-1011-,---01-0001-0111-,-0110-0000-0011-,011100,--101-1010-00100,011-1110100-1000,001100,-1011-0001-0010-,111110
A2JRXRT0EBP2IA,101-11,-11-1-11-1-1----,11--011--11---00,1----0----1---00,1---01,1--1-1-----0----,---00-----------,11--00,-010---0-0----1-,010-00
A1N1ULK71RHVMM,010-00,-1101-11-1-1----,1100111000101010,0---11--000-0010,1---01,1000000010101101,1011000010100001,00--10,-100--11-1-0--1-,111-10
AS3V052W0L6XG,------,--------0----0--,----------------,--1----1--------,------,----------------,----------------,------,--------1----1--,------
AJY5G987IRT25,010110,0000101100000010,0000111000000010,1000111000001110,011110,1010111110101110,1110111110001111,010100,1100101010001111,000100
A3GV2K564901E1,------,----------------,----------------,----------------,------,----------1----0,0----1----0----0,------,----------------,------
A3GZZOG8SFEGRE,000-10,----1----0------,----------------,0----1----0----1,0---10,----------------,----------------,00--00,---------1----1-,110-01
A146DWYRR10GAT,------,----------------,--1----1--------,--------1----1--,------,--------0----1--,--0----0--------,------,----------------,------
A1SC2RFB9W6BSG,0----0,----------------,----------------,----------------,0----0,----------------,----------------,0----0,----------------,1----0
A2TV4MWIOBMNMS,0----0,0----1----1---10,------------1---,-1----1----0----,011--0,-1----1---0----0,1----1---00-0-00,0-0--0,0---11----0----1,1----1
A3DC2JOV2TLNGE,------,--1----0--------,----------------,----------------,------,----------------,----------------,------,--1----1--------,------
A1VBZWAHLWQMXM,110100,-00-1-0100-0101-,11101110000-1111,111111110001-110,011111,1110-1100-1000-0,0-1101-1010-0001,010100,-1011-0100-0111-,111111
A2DVJ6OMVVYTC7,------,--1----0--------,----------------,----------------,------,----------------,----------------,------,--0----1--------,------
A2DZ2Y7IWDFHIC,------,0-1--1-1--1---11,11101110111-1110,-1--0-1-01-0-1--,-11---,1110-0100-0001-0,0-1-01-0000-0110,--0---,0-101110--10---1,------
A1YN3AGDWAB1ZE,---1--,------------0---,----------------,---1------------,---1--,----------------,----------------,---1--,------------1---,---0--
A3PQYI6YFMJLO6,---1--,------------0---,----------------,---0------------,---1--,----------------,----------------,---0--,------------1---,---0--
A1FW7GH5HSMLMJ,---1--,1--1-1--1-1-11-1,--00---01--0-1--,--000--000-000--,---1--,--1-1--111--111-,-00---001--0-1--,--11--,1---111-1-1111-1,---1--
A2YZHBU3XTPYWZ,------,----------------,--------0----0--,----------------,------,--0----0--------,--------0----1--,------,----------------,------
AGUNTAY7DKU3N,------,1----0----1----0,--1----1--------,--------0----1--,------,--------0----0--,--1----1--------,------,0----1----1----1,------
AECV4CDAFV445,111-10,01100101-110--10,1011111110100100,00--010-11001000,111-10,1011000010001000,0111010100101110,110-10,00100000-111--11,100-00
A2EQVOOEAXG3MF,---0--,--------0---011-,----------------,-111--00---0----,-001--,----------0----1,1----0----0----0,--00--,----1---1---10--,---1--
ANN162CY5IAGN,111110,0110000000000100,1110101000101010,1111001000000010,111100,1111101010101111,1111111000101111,010100,0000011000001111,010100
A2J65ZHAJQDKAC,------,1--1-0----1---10,-011--000--0-1--,-1--1-1-11-011--,-11---,--1-1--001--011-,-10---100--1-1--,--0---,0--0011---10---1,------
A3OK13TYU0OUUQ,---1--,00---00---000--0,----1----0----0-,---1----------0-,---0--,---0-------0----,---11-----------,---0--,10---0----1-1--1,---1--
A13U5OK3GJ10KC,1----1,----------------,----------------,----------------,0----0,----------------,----------------,1----0,----------------,------
A3AXM0EQW3DKCY,------,0----0----0----0,----------------,----------------,------,----------------,----------------,------,1----1----0----0,------
A3ILNJMBARBMU,------,--------1----01-,----------------,-11---11---1----,-00---,----------------,----------------,--0---,----0---1----1--,------
AXWSQ8HC6SZOB,111-11,-0--0-0--0-0----,----------------,0----0----0---01,0---10,----------------,---0------------,01--10,-0-------0----1-,010-10
ARELXTAMVYQNK,11--00,0----0----1----0,1----1--1-1--1-0,----------------,0---10,1-1--1-1--------,--------0----1--,11--00,0----0----0----1,11--01
A37V7156T1VXI7,000100,1001110010101101,1101101011001011,0000010011000011,011100,0101001101101111,0101100011111100,001100,1001111010111111,000010
A1U3OIZTWRI8JD,---0--,------------1---,----1----1----1-,---1------------,---0--,---0-------0----,----0-----------,---1--,------------1---,---1--
A1E3E1A65NPHY2,--01--,1011111100101111,1-1010-000101010,0111011101010110,-001--,1010101000001010,0111011100000110,--01--,000-111100001111,--10--
AFCRGIM00ZP6W,------,---1----------1-,-----------0----,-1----1----01---,-00---,----1----0----1-,-1----0----1----,--0---,----1-----------,------
A2IY0J2MOTEJJB,1----0,----------------,----------------,----------------,1----0,----------------,----------------,0----0,----------------,1----1
A3KGUVIP8GLJG7,010-00,-1010-10-0-0----,00--100--000--11,0----0----1-1-01,1---00,10-1001--001--01,10-1101--0111-10,01--10,-010---1-0----1-,000-10
A1G3BVCKXMEUPU,------,----------------,--------1----0--,----------------,------,--1----1--------,--------0----0--,------,----------------,------
A1YXQDZYCKILTT,-11-0-,110001100010-111,0010110011000010,011-111101111110,-00-0-,0100111000001111,0001011100001111,-10-0-,111001000100-101,-11-1-
A2TZDN1NZBZ3V6,---0--,--------1---100-,----------------,-100--01---1----,-000--,----------1----0,0----1----0----1,--00--,----0---0---11--,---0--
A1XHFQKX09Y1RD,------,--------------1-,----------------,-1----1----0----,-11---,----------------,----------------,--1---,----0-----------,------
AGTIA5T9ET7AA,------,1-10-1-1--1----0,111-101010101110,--------1---11--,------,111011100000-110,110-111100001111,------,1-00-1-0--0----1,------
A38MCQMAUI9DJL,------,----------------,--1----0--------,--------0----0--,------,--------1----1--,--0----1--------,------,----------------,------
AUB2I82NRWV29,------,----------------,0--0-1----1----1,----1----1------,------,1----0------1---,----------------,------,------0----0----,------
A35C0II2FFV18S,1----1,----------------,----------------,----------------,0----0,----------------,----------------,0----0,----------------,0----0
A35FKYZ7XFZEGH,------,----------------,---1------------,----1----1------,------,------------0---,----------------,------,------1----1----,------
A3OVCT6HBAWIZP,001111,0000101001100010,1000111011101100,0001101110010000,000100,1110111011101110,1001100110011111,000000,0000100110011111,001011
A2UIRQTM2V9F7V,0----1,----------------,----------------,----------------,0----0,----------------,----------------,1----0,----------------,1----1
A1WS21O0Y7H241,---1--,1----1----1-0--1,----------------,---0------------,---1--,----------------,----------------,---1--,1----1----0-1--1,---0--
A2W8GMF7F98EYP,101101,1011010001110010,110000---0-10101,-011001100110110,011110,-10001001011100-,1101101101010001,101-01,1101111000000100,01-001
A25I2ZBEGDF0WS,------,----------------,----1----1----1-,----------------,------,---1-------1----,----0-----------,------,----------------,------
A1MXT2MRUNNEES,010110,10--101-10111011,----1---10---11-,1100-101--00--01,011110,--00---1---0----,---01---0----0--,010110,00--11--011-1101,100001
A1ST216N60TLTS,---1--,0----0--0-0-0000,--1----000---01-,-101--0-1--0-1--,-111--,--11---11--0-0--,--0-1--10----0--,--0---,1---11--0-1-11-0,---0--
AHLS6AZ1VTNH7,100100,1101101011101111,1010101000101111,1100110001011111,000110,0000000000000000,0000110100000100,010100,0101111110011111,101001
A25GCMVNRFBG01,-1000-,1010001000101010,1010001000101010,0100010000000110,-0011-,0010111000101010,0100111100001111,-1010-,0100111101001111,-1100-
A2ZPSPA0R8KSL8,------,----------------,----------------,----------------,------,----------0----1,1----1----0----1,------,----------------,------
A2J930MWXZWZNW,------,----------------,--------0----0--,----------------,------,--0----1--------,--------0----0--,------,----------------,------
A2HV1MJAC4TG,000-00,-0100-10-0-0----,1010101010101111,0---01--011-1110,0---10,0010111100001111,0100111100001111,01--10,-110--11-0-0--1-,110-00
A14UYU1DEDPY7A,--1---,----0----1------,----------------,----------------,------,----------------,----------------,------,---------0----1-,--1---
A3CBOZUTFR0NR7,--10--,1011011111000000,0001111011000000,1110000101110100,-111--,0100101100010001,1111101101100100,--01--,0010111001010110,--00--
A1V524T9T59UAR,000-00,-0001-10-0-0----,10--101--0101-11,0----0----0-1-11,0---10,00-0101--010--11,00-0100--0001-00,00--11,-000---1-1----0-,001-11
A2B6OA4V8YABCZ,000010,0000011000000101,1110101001101101,0011010000001001,011101,0111111011000101,0011010010000100,111100,1010011011001101,001101
A2TLQXGIO2LJ91,------,-1----1----0----,----------------,--------------1-,------,----------------,---1------------,------,-0--------------,------
A3VP02KDUZIV0V,------,--1----1--------,----------------,----------------,------,----------------,----------------,------,--1----1--------,------
AYCEN3UEH5JKN,------,1----0----1----1,----------------,----------------,------,----------------,----------------,------,0----1----0----1,------
APF1EAZT104LQ,0----0,----------------,----------------,----------------,1----0,----------------,----------------,1----0,----------------,0----0
A1H2Y2PDEQ7OWT,---1--,--------0---000-,----------------,-111--10---0----,-111--,----------------,----------------,--00--,----0---0---11--,---0--
A277JAOM353NAV,01-100,0010-0110-100011,1-10-1-01-1011-0,1110111011001110,111110,111-111101--111-,-111--1101-0111-,110100,010-11100-0011-1,10-000
AAHXDKZWXBWOA,------,----------------,--------1---11--,----------------,------,-11---11--------,--------11--111-,------,----------------,------
AJNVK078IDC2R,111-10,----1----0------,----------------,----------------,0---10,----------------,----------------,01--00,---------1----1-,110-00
A2UNVICZT8DKKD,---1--,------------0---,----------------,---0------------,---1--,----------------,----------------,---1--,------------0---,---1--
A3DZEICLZNLJVK,---1--,1----1----1-1-11,-0----1-----1---,01-1-11---00---0,-110--,-0----1---1----0,0----1---10-0-11,--01--,0--111----0-1--1,---0--
A30571L03D0VDA,--1---,----1---00---1--,----------------,--1----1--------,------,----------------,----------------,------,--------00---11-,--1---
A2461V1TFLCLTB,0----1,----------------,----------------,----------------,1----1,----------------,----------------,0----0,----------------,0----1
A5FUU339LEP25,011-00,-1--0-1--0-1----,----------------,1----1----1---10,0---11,----------------,---0------------,01--10,-0-------0----1-,111-10
A2BJIR7XIO7CJR,------,----------------,1----0----1----0,0----1----1----0,------,1----1----------,----------------,------,----------------,------
A1F0HIZYHTCJRB,------,----------------,---1------------,----1----1------,------,------------1---,----------------,------,------1----0----,------
A2LXH22NMQ1ECA,--1---,----1----0------,----------------,----------------,------,----------------,----------------,------,---------1----1-,--1---
A1UR1UQ6XTI0UP,------,----------------,-0----1---------,----------------,------,----------------,----------------,------,---0------------,------
A2M47ONTL35B3A,---1--,------------1---,----------------,---1------------,---0--,----------------,----------------,---1--,------------0---,---0--
A1SIKOXKREHIK4,100-00,001011010001-110,0000110100111101,011-101111010110,0---00,00100010-111100-,11110011001-0001,010-10,10000001000--010,100-10
APSX6ZF7HGSG2,---1--,--------1---000-,--1----0--------,-011--110--0-1--,-001--,--------0----1--,--0----1--------,--00--,----0---0---01--,---1--
A1AUDWC5UM7Y3M,------,1----0----0----0,----------------,----------------,------,----------------,----------------,------,1----1----0----1,------
A2K9NNZQY3MGD3,---1--,0----1----1-1-11,--------1----1--,-0-1--1----1----,-111--,--1----1--------,--------0----1--,--01--,0---00----1-1--1,---0--
A3OQLGDE9IVNZE,------,----------------,-1----1---------,----------------,------,----------------,----------------,------,---0------------,------
A3QK1O0GJ9DESS,000101,1100110000000000,1011101010001001,0011001001000000,000000,1000100010111011,0010000011111111,000110,0000111110100000,101111
A1O0VHQYOI5SRK,------,1110-010--10--11,1110110001101010,-1--1-1-11-0110-,-00---,0000000000001110,1101000001001100,--0---,11001111--00---1,------
A1PT6264PIYFCI,-0011-,0101000000010001,1011001000100010,1100110000100010,-1111-,1011111100110010,1111111111010000,-0111-,1110111100000010,-1011-
A1EGQAMPW9N5FT,01--11,0-1--0-10-0--0-0,-1----1-0---01--,--1----1--------,0---11,-11---11--------,--------11--111-,11--00,1-01-1-10-0--1-1,10--01
A1H7K2VYEMZ3QW,001111,0110011001100000,1110111111111111,0111111101111110,111100,1111111001001111,1111011100111111,110101,1010001101111101,111111
A5N551A5UQ4G2,------,----------------,--0----0--------,--------0----0--,------,--------1----0--,--0----1--------,------,----------------,------
A2CAFRYOTJIY5C,1-1--1,----1----0------,----------------,----------------,0----0,----------------,----------------,0----0,---------1----1-,1-1--0
AULWZTHRW3VVN,0----0,----------------,----------------,----------------,0----0,----------------,----------------,0----0,----------------,1----0
A35506802CMX5T,------,-1----1----1----,----------------,--------------0-,------,----------------,---1------------,------,-1--------------,------
A2KRPUB5FLF772,---1--,--------0---11--,----------------,--11---1--------,---1--,----------------,----------------,---0--,--------0---01--,---0--
A2TKHXY755FAM,------,-0----0----1----,----------------,--------------0-,------,----------------,---1------------,------,-0--------------,------
A2J5YJCFT6HX7M,------,--11---0--------,-1----1----0----,------------1---,------,----0----0----1-,-1----1----0----,------,--11---1--------,------
A2C58H88W1NAO,------,----------------,----1----0----1-,----------------,------,---1-------0----,----1-----------,------,----------------,------
AXO3OQJDHKRR3,-11-1-,----1----0------,----------------,1----1----0----1,----1-,----------------,----------------,-0--1-,---------1----1-,-00-1-
A2A3HUY3YYKG2C,--11--,10---01--0100-00,-1----1---------,-1-1--1----1--1-,-001--,----------------,---1------------,--01--,01-000---00-1-11,--11--
A21GWSMKFQCFLC,------,--------0----00-,----------------,-11---00---0----,-11---,----------------,----------------,--0---,----0---1----1--,------
A2DHXLLSAHT3TF,0----1,----------------,----------------,----------------,1----1,----------------,----------------,0----0,----------------,0----1
A1F6TU59FGV8XP,111-11,-11-1-11-1-1----,00--101--00-0-00,0----0----0---00,1---11,10-0-10----1----,---00----1--0-1-,11--11,-010---1-1----1-,111-11
A36VXS1NZ2GN2T,------,----------------,----------------,0----1----1----0,------,----------------,----------------,------,----------------,------
AAC7WS46W01SP,010-00,-01-1-1100-0-11-,11--111--01-1-10,011--111--00--10,011-10,10-0-01----0----,---00----1--0-0-,010-00,-1000--001---11-,111-01
A24IVERHCL36M8,001011,0101010101011001,1110011011100000,1010100110111010,111001,1111110111100100,1011101110111011,110000,1011101010101011,000111
A3GSHGM25AGCHY,------,--------------1-,----------------,-1----1----0----,-11---,----------------,----------------,--1---,----1-----------,------
A396GJRUM5SII,------,110--100--00---1,-0----1-0----0--,--------------1-,------,--1----0--------,---1----1----1--,------,1011-1-1--1----1,------
ABXI04K7467QI,------,--1----1--------,----------------,----------------,------,----------------,----------------,------,--0----1--------,------
A3K758SI907CG9,------,0--1-1--0-1--000,1001100010010000,-01-1-1111-100--,-11---,1110000010001001,101-001010110011,--0---,0--0111-1-11-1-1,------
A3CX5E8VX7BLG7,------,----------------,--------1----0--,----------------,------,--0----1--------,--------0----0--,------,----------------,------
A3CYV47MM7OA6M,------,0----1--0-0--1-1,----------------,--1----1--------,------,----------------,----------------,------,0----1--1-1--1-1,------
A2HW091V0CAORX,---1--,------------1---,----------------,---1------------,---1--,----------------,----------------,---0--,------------1---,---0--
A1QD52YU96AQQ3,---1--,------------0---,----------------,---1------------,---1--,----------------,----------------,---1--,------------0---,---0--
A2YDQBA23C2D94,1----0,----------------,----------------,----------------,0----0,----------------,----------------,0----1,----------------,0----0
ASI6KXF2GAUTQ,---1--,------------0---,----------------,---1------------,---1--,----------------,----------------,---1--,------------1---,---0--
A1YJ3OR8SAW41L,011001,0010001011000000,0110110100001011,1111101100111110,000001,1000001100111000,0110110100010011,010101,0111100000000011,010001
AQS3LUWLIDCH5,---1--,1----0--0-0-0010,--------1----0--,-111--00---0----,-111--,--1----0--------,--------0----1--,--01--,0---01--0-0-01-0,---1--
A2DLH5XGBNYXWS,------,1----0----1----1,----------------,----------------,------,----------------,----------------,------,1----1----0----1,------
A3AYBSE0KUKC2E,------,----------------,----------------,0----1----1----0,------,----------------,----------------,------,----------------,------
A376YLNVO87MLZ,110100,1111111110101111,1110111011101110,1111111101001110,000110,0000111000001110,0000011100001111,100000,1000010101001111,101001
AE3MX5R15ONP3,1----1,----------------,----------------,----------------,0----1,----------------,----------------,1----0,----------------,1----1
A1G9ZIBMV5PLE2,-0--1-,-0----1----1----,----------------,--------------1-,----1-,----------------,---1------------,-1--0-,-0--------------,-0--0-
A238KV0ZMJCJ6I,------,--------0----0--,----------------,--1----0--------,------,----------------,----------------,------,--------0----0--,------
AQUOS2XZESNXB,------,--------------1-,----------------,-1----1----1----,-11---,----------------,----------------,--1---,----1-----------,------
A2C9TGV269GPDC,-11-1-,111100100000-000,1010000000000000,011-010000000000,-00-0-,1110101000001111,1110011100101111,-10-1-,011011110110-111,-11-0-
AYPS0ZUUXZU47,------,--------0----0--,-1----1---------,--1----1--------,------,----------------,----------------,------,---0----0----1--,------
AYQI8UYG2CKP,-0101-,0010001110110010,0010001001100000,0111111111010000,-1111-,1011111100000010,1111111101000100,-1010-,1110111101101110,-0000-
A59L67EZKMC3V,------,----------------,--11---0--------,----0---01---1--,------,--------1---11--,--1----0--------,------,------1----0----,------
A110SC5K5Y3IHS,---0--,1----0--1-0-1011,----------------,-111--00---0----,-111--,----------------,----------------,--10--,0---11--0-0-00-0,---0--
A2NPE9TTC2LZ4I,010-00,----1----0------,----------------,----------------,0---00,----------------,----------------,11--00,---------1----1-,111-00
A35ZLOWKJIHL50,------,----------------,-1----1---------,----------------,------,----------0----0,1----1----0----0,------,---0------------,------
A25M5RTEQ6ZNRG,11--10,----------------,----------------,----------------,0---11,----------------,----------------,11--00,----------------,11--10
A14E0Y5HPALKZN,---0--,------------0---,----------------,---0------------,---0--,----------------,----------------,---1--,------------1---,---0--
A267SCN7MD0CRX,001100,-00-0-0000-0001-,01--001--00-1-00,1010-010--10--11,100110,00-0-11---10---1,1--010---01-0-10,010101,-1011--110--111-,010111
AHEEMGVMGEMEQ,------,----------------,-1----1---------,----------------,------,----------------,----------------,------,---1------------,------
A2W31ZT24O8Y66,------,--------------1-,----------------,-1----1----0----,-11---,----------------,----------------,--1---,----1-----------,------
AOZSVQAQOEIIQ,--1---,----0----0------,----------------,----------------,------,----------------,----------------,------,---------0----1-,--1---
A1HLG5NN2I16GN,------,----------------,--------0----1--,----------------,------,--0----0--------,--------1----0--,------,----------------,------
ACRPGQAXICOOT,000010,0001101000101111,0000111010100110,1010110000000101,111010,0011101011101100,1001000011011101,011101,1100110111111100,011001
AD65B3PU7G64M,111100,1111000000000110,1010001000001011,1111001100000010,000100,1010101010101011,1010101100001011,010110,0000111100000001,000111
A10KMP3HHSIHQU,00-100,0----0--0-0-1111,--1-1--100--101-,-110--110--0-1--,111110,-011--111-10-0-0,1-0-11-0111-1000,000110,0---11--1-0-11-0,00-000
A2DPNKRTDSDF7X,000-11,----1----0------,----------------,0----1----1----0,1---00,----------------,----------------,01--00,---------0----1-,111-11
AKVDK30EEV08C,------,0----0----0----0,----------------,----------------,------,----------------,----------------,------,0----1----0----1,------
ANUG05IDFTWF,110100,1110011000100110,1111111011111111,0111011101110110,100100,1111011100001111,0111011101100111,110000,0111010100110111,111000
AH72AHERQS9QS,111-10,-0011-00-1-0----,00--001--1100-01,1----1----1-0-01,0---00,10-1101--111--11,00-0000--0001-10,01--11,-011---1-0----0-,000-10
A1F7HH83A48D47,1----1,0----0----1---00,0--0-0----1----0,-1--1-1--1-1----,000--0,1----1------1---,----------------,0-0--0,1---111---10---1,1----0
A2KDGFZOTUVLKB,011111,-1100-0001-0000-,0010001000000000,1010001000100010,111100,1111000000001011,1011001000101010,001110,-0101-1100-0001-,010110
A1TSL31YUEIP3J,110-11,-11-1-11-0-1----,00--000--00-0-00,0----0----0---00,1---11,10-0-10---11---0,1--001---11-0-11,10--11,-111---1-1----1-,111-10
A8DQAXC9T2GQL,--11--,-10-1-0000-000--,----------------,--11---1------0-,---0--,----------------,---1------------,---1--,-00----110--101-,--11--
